Typ;Typ2;SHORT_NAME_TX;DESC_G_TX;NAME_G_TX;Art;TIME_GRANULARITY_TX;DECIMALS_NU;VALUE_RANGE_TX;DATA_TYPE_TX;SHORT_SIGN_TX;PARAMETER_ID
climate;;fh9120mv;"Windgeschwindigkeit skalar; Verhältnis des homogenen Monatsmittels zur Norm 9120";Wind;homogen;M;0;0..999;Integer;%;11912
climate;;fh9120yv;"Windgeschwindigkeit skalar; Verhältnis des homogenen Jahresmittels zur Norm 9120";Wind;homogen;Y;0;0..999;Integer;%;11913
climate;;fhs010m0;"Windgeschwindigkeit skalar; homogenes Monatsmittel";Wind;homogen;M;1;0..99.9;Float;m/s;1101
climate;;fhs010y0;"Windgeschwindigkeit skalar; homogenes Jahresmittel";Wind;homogen;Y;1;0..99.9;Float;m/s;1645
climate;;gh9120mv;"Globalstrahlung; Verhältnis des homogenen Monatsmittels zur Norm 9120";Strahlung;homogen;M;0;0..999;Integer;%;11914
climate;;gh9120yv;"Globalstrahlung; Verhältnis des homogenen Jahresmittels zur Norm 9120";Strahlung;homogen;Y;0;0..999;Integer;%;11915
climate;;ghs000m0;"Globalstrahlung; homogenes Monatsmittel";Strahlung;homogen;M;0;0..9999;Integer;W/m²;1099
climate;;ghs000y0;"Globalstrahlung; homogenes Jahresmittel";Strahlung;homogen;Y;0;0..9999;Integer;W/m²;1644
climate;;ph9120mv;"Luftdruck auf Barometerhöhe (QFE); Abweichung des homogenen Monatsmittels von der Norm 9120";Druck;homogen;M;1;-100.0..100.0;Float;hPa;11918
climate;;ph9120yv;"Luftdruck auf Barometerhöhe (QFE); Abweichung des homogenen Jahresmittels von der Norm 9120";Druck;homogen;Y;1;-100.0..100.0;Float;hPa;11919
climate;;phsstam0;"Luftdruck auf Barometerhöhe (QFE); homogenes Monatsmittel";Druck;homogen;M;1;0..1500.0;Float;hPa;1091
climate;;phsstay0;"Luftdruck auf Barometerhöhe (QFE); homogenes Jahresmittel";Druck;homogen;Y;1;0..1500.0;Float;hPa;1636
climate;;pv9120mv;"Dampfdruck 2 m über Boden; Abweichung des homogenen Monatsmittels von der Norm 9120";Feuchte;homogen;M;1;-999.9..999.9;Float;hPa;11920
climate;;pv9120yv;"Dampfdruck 2 m über Boden; Abweichung des homogenen Jahresmittels von der Norm 9120";Feuchte;homogen;Y;1;-999.9..999.9;Float;hPa;11921
climate;;pva2hsm0;"Dampfdruck 2 m über Boden; homogenes Monatsmittel";Feuchte;homogen;M;1;0..100.0;Float;hPa;1107
climate;;pva2hsy0;"Dampfdruck 2 m über Boden; homogenes Jahresmittel";Feuchte;homogen;Y;1;0..100.0;Float;hPa;1648
climate;;rh9120mv;"Niederschlag; Verhältnis der homogenen Monatssumme konventionell zur Norm 9120";Niederschlag;homogen;M;0;0..999;Integer;%;11922
climate;;rh9120yv;"Niederschlag; Verhältnis der homogenen Jahressumme konventionell zur Norm 9120";Niederschlag;homogen;Y;0;0..999;Integer;%;11923
climate;;rhs150m0;"Niederschlag; homogene Monatssumme";Niederschlag;homogen;M;1;0..9999.9;Float;mm;1804
climate;;rhs150y0;"Niederschlag; homogene Jahressumme";Niederschlag;homogen;Y;1;0..9999.9;Float;mm;1635
climate;;sh9120mv;"Absolute Sonnenscheindauer; Verhältnis der homogenen Monatssumme zur Norm 9120";Sonne;homogen;M;0;0..999;Integer;%;11924
climate;;sh9120yv;"Absolute Sonnenscheindauer; Verhältnis der homogenen Jahressumme zur Norm 9120";Sonne;homogen;Y;0;0..999;Integer;%;11925
climate;;shs000m0;"absolute Sonnenscheindauer; homogene Monatssumme";Sonne;homogen;M;0;0..99999;Integer;min;1097
climate;;shs000y0;"absolute Sonnenscheindauer; homogene Jahressumme";Sonne;homogen;Y;0;0..999999;Integer;min;1639
climate;;th9120dv;"Lufttemperatur 2 m über Boden; Abweichung des homogenen Tagesmittels (statistisch abgeleitet) von der Norm 9120";Temperatur;homogen;D;1;-99.9..99.9;Float;°C;11926
climate;;th9120mv;"Lufttemperatur 2 m über Boden; Abweichung des homogenen Monatsmittels von der Norm 9120";Temperatur;homogen;M;1;-99.9..99.9;Float;°C;11927
climate;;th9120yv;"Lufttemperatur 2 m über Boden; Abweichung des homogenen Jahresmittels von der Norm 9120";Temperatur;homogen;Y;1;-99.9..99.9;Float;°C;11928
climate;;th91dndv;"Lufttemperatur 2 m über Boden; Abweichung des homogenen Tagesminimum (statistisch abgeleitet) von der Norm 9120";Temperatur;homogen;D;1;-99.9..99.9;Float;°C;11930
climate;;th91dnmv;"Lufttemperatur 2 m über Boden; Abweichung des homogenen Monatsmittels der Tagesminima von der Norm 9120";Temperatur;homogen;M;1;-99.9..99.9;Float;°C;11929
climate;;th91dnyv;"Lufttemperatur 2 m über Boden; Abweichung des homogenen Jahresmittels der Tagesminima von der Norm 9120";Temperatur;homogen;Y;1;-99.9..99.9;Float;°C;11931
climate;;th91dxdv;"Lufttemperatur 2 m über Boden; Abweichung des homogenen Tagesmaximum (statistisch abgeleitet) von der Norm 9120";Temperatur;homogen;D;1;-99.9..99.9;Float;°C;11933
climate;;th91dxmv;"Lufttemperatur 2 m über Boden; Abweichung des homogenen Monatsmittels der Tagesmaxima von der Norm 9120";Temperatur;homogen;M;1;-99.9..99.9;Float;°C;11932
climate;;th91dxyv;"Lufttemperatur 2 m über Boden; Abweichung des homogenen Jahresmittels der Tagesmaxima von der Norm 9120";Temperatur;homogen;Y;1;-99.9..99.9;Float;°C;11934
climate;;ths200d0;"Lufttemperatur 2 m über Boden; homogenes Tagesmittel (statistisch abgeleitet)";Temperatur;homogen;D;1;-99.9..99.9;Float;°C;1801
climate;;ths200dn;"Lufttemperatur 2 m über Boden; homogenes Tagesminimum (statistisch abgeleitet)";Temperatur;homogen;D;1;-99.9..99.9;Float;°C;1092
climate;;ths200dx;"Lufttemperatur 2 m über Boden; homogenes Tagesmaximum (statistisch abgeleitet)";Temperatur;homogen;D;1;-99.9..99.9;Float;°C;1094
climate;;ths200m0;"Lufttemperatur 2 m über Boden; homogenes Monatsmittel";Temperatur;homogen;M;1;-99.9..99.9;Float;°C;1802
climate;;ths200y0;"Lufttemperatur 2 m über Boden; homogenes Jahresmittel";Temperatur;homogen;Y;1;-99.9..99.9;Float;°C;1634
climate;;ths2dymn;"Lufttemperatur 2 m über Boden; homogenes Monatsmittel der Tagesminima";Temperatur;homogen;M;1;-99.9..99.9;Float;°C;1093
climate;;ths2dymx;"Lufttemperatur 2 m über Boden; homogenes Monatsmittel der Tagesmaxima";Temperatur;homogen;M;1;-99.9..99.9;Float;°C;1095
climate;;ths2dyyn;"Lufttemperatur 2 m über Boden; homogenes Jahresmittel der Tagesminima";Temperatur;homogen;Y;1;-99.9..99.9;Float;°C;1637
climate;;ths2dyyx;"Lufttemperatur 2 m über Boden; homogenes Jahresmittel der Tagesmaxima";Temperatur;homogen;Y;1;-99.9..99.9;Float;°C;1638
nime;;hns000d0;"Neuschneehöhe; Tagessumme 6 UTC - 6 UTC Folgetag";Schnee;aggregat;D;0;0..500;Integer;cm;579
nime;;hto000d0;"Schneehöhe; Morgenmessung von 6 UTC";Schnee;aggregat;D;0;0..1000;Integer;cm;580
nime;;hns000m0;"Neuschneehöhe; Monatssumme der täglichen Messungen";Schnee;aggregat;M;0;0..1000;Integer;cm;442
nime;;hto000m0;"Schneehöhe; Monatsmittel";Schnee;aggregat;M;0;0..1000;Integer;cm;938
nime;;hns000sw;SYNOP: Neuschneehöhe;Schnee;originalwert;T;0;0..500;Integer;cm;1758
nime;;hto000sw;SYNOP: Schneehöhe;Schnee;originalwert;T;0;0..1000;Integer;cm;1759
nime;;hns000l0;"Neuschneehöhe; Summe August - Juli";Schnee;aggregat;Y;0;0..9999;Integer;cm;1948
nime;;hns000y0;"Neuschneehöhe; Jahressumme der täglichen Messungen";Schnee;aggregat;Y;0;0..9999;Integer;cm;555
nime;;hto000l0;"Schneehöhe; Jahresmittel vom August - Juli";Schnee;aggregat;Y;0;0..10000;Integer;cm;4658
nime;;hto000y0;"Schneehöhe; Jahresmittel";Schnee;aggregat;Y;0;0..1000;Integer;cm;939
obs;;cc1000s0;Gattung der untersten Wolken;Augenbeobachtung;originalwert;T;0;0..9;Integer;Code;127
obs;;ccl000s0;Wolken der Gattungen Sc, St, Cu, Cb  (WMO 0513);Augenbeobachtung;originalwert;T;0;0..10;Integer;Code;130
obs;;nto000d0;"Gesamtbewölkung; Tagesmittel";Augenbeobachtung;aggregat;D;0;0..100;Integer;%;229
obs;;nto000m0;"Gesamtbewölkung; Monatsmittel";Augenbeobachtung;aggregat;M;0;0..100;Integer;%;303
obs;;nto000s0;Gesamtbewölkung;Augenbeobachtung;originalwert;T;0;0..9;Integer;octas;119
obs;;nto000y0;"Gesamtbewölkung; Jahresmittel";Augenbeobachtung;aggregat;Y;0;0..100;Integer;%;493
obs;;vho000s0;Horizontale Sichtweite;Augenbeobachtung;originalwert;T;0;0..99;Integer;Code;144
obs;;wat000s0;Wetter zur Zeit der Beobachtung (WMO 4677);Augenbeobachtung;originalwert;T;0;0..99;Integer;Code;145
pollen;;kaalnuh0;"Erle; mittlere stündliche Pollenkonzentration";Pollendaten;aggregat;H;0;0..10000;Integer;No/m³;6086
pollen;;kabetuh0;"Birke; mittlere stündliche Pollenkonzentration";Pollendaten;aggregat;H;0;0..10000;Integer;No/m³;5993
pollen;;kacoryh0;"Hasel; mittlere stündliche Pollenkonzentration";Pollendaten;aggregat;H;0;0..10000;Integer;No/m³;6096
pollen;;kafaguh0;"Buche; mittlere stündliche Pollenkonzentration";Pollendaten;aggregat;H;0;0..10000;Integer;No/m³;6099
pollen;;kafraxh0;"Gemeine Esche; mittlere stündliche Pollenkonzentration";Pollendaten;aggregat;H;0;0..10000;Integer;No/m³;6100
pollen;;kaquerh0;"Eiche; mittlere stündliche Pollenkonzentration";Pollendaten;aggregat;H;0;0..10000;Integer;No/m³;6116
pollen;;khpoach0;"Gräser; mittlere stündliche Pollenkonzentration";Pollendaten;aggregat;H;0;0..10000;Integer;No/m³;5994
pollen;;kaalnud0;"Erle; mittlere tägliche Pollenkonzentration";Pollendaten;aggregat;D;0;0..10000;Integer;No/m³;1315
pollen;;kaalnud1;"Erle; mittlere tägliche Pollenkonzentration 0-0 UTC";Pollendaten;aggregat;D;0;0..10000;Integer;No/m³;4837
pollen;;kabetud0;"Birke; mittlere tägliche Pollenkonzentration";Pollendaten;aggregat;D;0;0..10000;Integer;No/m³;1323
pollen;;kabetud1;"Birke ; mittlere tägliche Pollenkonzentration 0-0 UTC";Pollendaten;aggregat;D;0;0..10000;Integer;No/m³;4839
pollen;;kacoryd0;"Hasel; mittlere tägliche Pollenkonzentration";Pollendaten;aggregat;D;0;0..10000;Integer;No/m³;1343
pollen;;kacoryd1;"Hasel; mittlere tägliche Pollenkonzentration 0-0 UTC";Pollendaten;aggregat;D;0;0..10000;Integer;No/m³;4844
pollen;;kafagud0;"Buche; mittlere tägliche Pollenkonzentration";Pollendaten;aggregat;D;0;0..10000;Integer;No/m³;1348
pollen;;kafagud1;"Buche; mittlere tägliche Pollenkonzentration 0-0 UTC";Pollendaten;aggregat;D;0;0..10000;Integer;No/m³;4845
pollen;;kafraxd0;"Gemeine Esche; mittlere tägliche Pollenkonzentration";Pollendaten;aggregat;D;0;0..10000;Integer;No/m³;1352
pollen;;kafraxd1;"Gemeine Esche; mittlere tägliche Pollenkonzentration 0-0 UTC";Pollendaten;aggregat;D;0;0..10000;Integer;No/m³;4846
pollen;;kaquerd0;"Eiche; mittlere tägliche Pollenkonzentration";Pollendaten;aggregat;D;0;0..10000;Integer;No/m³;1401
pollen;;kaquerd1;"Eiche; mittlere tägliche Pollenkonzentration 0-0 UTC";Pollendaten;aggregat;D;0;0..10000;Integer;No/m³;4856
pollen;;khpoacd0;"Gräser; mittlere tägliche Pollenkonzentration";Pollendaten;aggregat;D;0;0..10000;Integer;No/m³;1469
pollen;;khpoacd1;"Gräser; mittlere tägliche Pollenkonzentration 0-0 UTC";Pollendaten;aggregat;D;0;0..10000;Integer;No/m³;4870
smn;;dkl010h0;"Windrichtung; Stundenmittel";Wind;aggregat;H;0;0..360;Integer;°;282
smn;;dkl010z0;"Windrichtung; Zehnminutenmittel";Wind;originalwert;T;0;0..360;Integer;°;197
smn;;fkl010d0;"Windgeschwindigkeit skalar; Tagesmittel";Wind;aggregat;D;1;0..99.9;Float;m/s;231
smn;;fkl010d1;"Böenspitze (Sekundenböe); Tagesmaximum";Wind;aggregat;D;1;0..999.9;Float;m/s;232
smn;;fkl010h0;"Windgeschwindigkeit skalar; Stundenmittel";Wind;aggregat;H;1;0..99.9;Float;m/s;283
smn;;fkl010h1;"Böenspitze (Sekundenböe); Stundenmaximum";Wind;aggregat;H;1;0..999.9;Float;m/s;270
smn;;fkl010m0;"Windgeschwindigkeit skalar; Monatsmittel";Wind;aggregat;M;1;0..99.9;Float;m/s;382
smn;;fkl010m1;"Böenspitze (Sekundenböe); Monatsmaximum";Wind;aggregat;M;1;0..999.9;Float;m/s;384
smn;;fkl010y0;"Windgeschwindigkeit skalar; Jahresmittel";Wind;aggregat;Y;1;0..99.9;Float;m/s;497
smn;;fkl010y1;"Böenspitze (Sekundenböe); Jahresmaximum";Wind;aggregat;Y;1;0..999.9;Float;m/s;499
smn;;fkl010z0;"Windgeschwindigkeit skalar; Zehnminutenmittel";Wind;originalwert;T;1;0..99.9;Float;m/s;196
smn;;fkl010z1;"Böenspitze (Sekundenböe); Maximum";Wind;originalwert;T;1;0..999.9;Float;m/s;101
smn;;fu3010d0;"Windgeschwindigkeit skalar; Tagesmittel";Wind;aggregat;D;1;0..999.9;Float;km/h;1085
smn;;fu3010d1;"Böenspitze (Sekundenböe); Tagesmaximum";Wind;aggregat;D;1;0..999.9;Float;km/h;1940
smn;;fu3010h0;"Windgeschwindigkeit skalar; Stundenmittel";Wind;aggregat;H;1;0..999.9;Float;km/h;1084
smn;;fu3010h1;"Böenspitze (Sekundenböe); Stundenmaximum";Wind;aggregat;H;1;0..999.9;Float;km/h;1939
smn;;fu3010m0;"Windgeschwindigkeit skalar; Monatsmittel";Wind;aggregat;M;1;0..999.9;Float;km/h;1086
smn;;fu3010m1;"Böenspitze (Sekundenböe); Monatsmaximum";Wind;aggregat;M;1;0..999.9;Float;km/h;1941
smn;;fu3010y0;"Windgeschwindigkeit skalar; Jahresmittel";Wind;aggregat;Y;1;0..999.9;Float;km/h;1087
smn;;fu3010y1;"Böenspitze (Sekundenböe); Jahresmaximum";Wind;aggregat;Y;1;0..999.9;Float;km/h;1082
smn;;fu3010z0;"Windgeschwindigkeit; Zehnminutenmittel";Wind;aggregat;T;1;0..999.9;Float;km/h;1083
smn;;fu3010z1;"Böenspitze (Sekundenböe); Maximum";Wind;aggregat;T;1;0..999.9;Float;km/h;1938
smn;;fve010h0;"Windgeschwindigkeit vektoriell; Stundenmittel";Wind;aggregat;H;1;0..99.9;Float;m/s;7908
smn;;fve010z0;"Windgeschwindigkeit vektoriell; Zehnminutenmittel";Wind;originalwert;T;1;0..99.9;Float;m/s;195
smn;smn-tower;gre000d0;"Globalstrahlung; Tagesmittel";Strahlung;aggregat;D;0;0..999;Integer;W/m²;224
smn;smn-tower;gre000h0;"Globalstrahlung; Stundenmittel";Strahlung;aggregat;H;0;-999..999;Integer;W/m²;269
smn;smn-tower;gre000m0;"Globalstrahlung; Monatsmittel";Strahlung;aggregat;M;0;0..9999;Integer;W/m²;357
smn;smn-tower;gre000y0;"Globalstrahlung; Jahresmittel";Strahlung;aggregat;Y;0;0..9999;Integer;W/m²;477
smn;smn-tower;gre000z0;"Globalstrahlung; Zehnminutenmittel";Strahlung;originalwert;T;0;-9999..9999;Integer;W/m²;96
smn;;oli000d0;"Langwellige Einstrahlung; Tagesmittel";Strahlung;aggregat;D;0;0..999;Integer;W/m²;3673
smn;;oli000h0;"Langwellige Einstrahlung; Stundenmittel";Strahlung;aggregat;H;0;-999..999;Integer;W/m²;3674
smn;;oli000m0;"Langwellige Einstrahlung; Monatsmittel";Strahlung;aggregat;M;0;0..9999;Integer;W/m²;3675
smn;;oli000y0;"Langwellige Einstrahlung; Jahresmittel";Strahlung;aggregat;Y;0;0..9999;Integer;W/m²;3676
smn;;oli000z0;"Langwellige Einstrahlung; Zehnminutenmittel";Strahlung;originalwert;T;0;0..999;Integer;W/m²;175
smn;;pp0qffd0;"Luftdruck reduziert auf Meeresniveau (QFF); Tagesmittel";Druck;aggregat;D;1;0..1500.0;Float;hPa;962
smn;;pp0qffh0;"Luftdruck reduziert auf Meeresniveau (QFF); Stundenmittel";Druck;aggregat;H;1;0..1500.0;Float;hPa;307
smn;;pp0qffm0;"Luftdruck reduziert auf Meeresniveau (QFF); Monatsmittel";Druck;aggregat;M;1;0..1500.0;Float;hPa;328
smn;;pp0qffs0;"Luftdruck reduziert auf Meeresniveau (QFF); Momentanwert";Druck;originalwert;T;1;0..1500.0;Float;hPa;968
smn;;pp0qffy0;"Luftdruck reduziert auf Meeresniveau (QFF); Jahresmittel";Druck;aggregat;Y;1;0..1500.0;Float;hPa;450
smn;;pp0qnhd0;"Luftdruck reduziert auf Meeresniveau mit Standardatmosphäre (QNH); Tagesmittel";Druck;aggregat;D;1;0..1500.0;Float;hPa;1855
smn;;pp0qnhh0;"Luftdruck reduziert auf Meeresniveau mit Standardatmosphäre (QNH); Stundenmittel";Druck;aggregat;H;1;0..1500.0;Float;hPa;1852
smn;;pp0qnhm0;"Luftdruck reduziert auf Meeresniveau mit Standardatmosphäre (QNH); Monatsmittel";Druck;aggregat;M;1;0..1500.0;Float;hPa;1858
smn;;pp0qnhs0;"Luftdruck reduziert auf Meeresniveau mit Standardatmosphäre (QNH); Momentanwert";Druck;originalwert;T;1;0..1500.0;Float;hPa;967
smn;;pp0qnhy0;"Luftdruck reduziert auf Meeresniveau mit Standardatmosphäre (QNH); Jahresmittel";Druck;aggregat;Y;1;0..1500.0;Float;hPa;1861
smn;;ppz700d0;"Geopotentielle Höhe der 700 hPa-Fläche; Tagesmittel";Druck;aggregat;D;1;0..10000.0;Float;gpm;964
smn;;ppz700h0;"Geopotentielle Höhe der 700 hPa-Fläche; Stundenmittel";Druck;aggregat;H;1;0..10000.0;Float;gpm;1867
smn;;ppz700m0;"Geopotentielle Höhe der 700 hPa-Fläche; Monatsmittel";Druck;aggregat;M;1;0..10000.0;Float;gpm;976
smn;;ppz700s0;"Geopotentielle Höhe der 700 hPa-Fläche; Momentanwert";Druck;originalwert;T;1;0..10000.0;Float;gpm;970
smn;;ppz700y0;"Geopotentielle Höhe der 700 hPa-Fläche; Jahresmittel";Druck;aggregat;Y;1;0..10000.0;Float;gpm;978
smn;;ppz850d0;"Geopotentielle Höhe der 850 hPa-Fläche; Tagesmittel";Druck;aggregat;D;1;0..10000.0;Float;gpm;963
smn;;ppz850h0;"Geopotentielle Höhe der 850 hPa-Fläche; Stundenmittel";Druck;aggregat;H;1;0..10000.0;Float;gpm;1869
smn;;ppz850m0;"Geopotentielle Höhe der 850 hPa-Fläche; Monatsmittel";Druck;aggregat;M;1;0..10000.0;Float;gpm;975
smn;;ppz850s0;"Geopotentielle Höhe der 850 hPa-Fläche; Momentanwert";Druck;originalwert;T;1;0..10000.0;Float;gpm;969
smn;;ppz850y0;"Geopotentielle Höhe der 850 hPa-Fläche; Jahresmittel";Druck;aggregat;Y;1;0..10000.0;Float;gpm;977
smn;;prestad0;"Luftdruck auf Barometerhöhe (QFE); Tagesmittel";Druck;aggregat;D;1;0..1500.0;Float;hPa;209
smn;;prestah0;"Luftdruck auf Barometerhöhe (QFE); Stundenmittel";Druck;aggregat;H;1;0..1500.0;Float;hPa;306
smn;;prestam0;"Luftdruck auf Barometerhöhe (QFE); Monatsmittel";Druck;aggregat;M;1;0..1500.0;Float;hPa;300
smn;;prestas0;"Luftdruck auf Barometerhöhe (QFE); Momentanwert";Druck;originalwert;T;1;0..1500.0;Float;hPa;90
smn;;prestay0;"Luftdruck auf Barometerhöhe (QFE); Jahresmittel";Druck;aggregat;Y;1;0..1500.0;Float;hPa;448
smn;;pva200d0;"Dampfdruck 2 m über Boden; Tagesmittel";Feuchte;aggregat;D;1;0..100.0;Float;hPa;767
smn;;pva200h0;"Dampfdruck 2 m über Boden; Stundenmittel";Feuchte;aggregat;H;1;0..100.0;Float;hPa;309
smn;;pva200m0;"Dampfdruck 2 m über Boden; Monatsmittel";Feuchte;aggregat;M;1;0..100.0;Float;hPa;379
smn;;pva200s0;"Dampfdruck 2 m über Boden; Momentanwert";Feuchte;originalwert;T;1;0..100.0;Float;hPa;971
smn;;pva200y0;"Dampfdruck 2 m über Boden; Jahresmittel";Feuchte;aggregat;Y;1;0..999.9;Float;hPa;491
smn;smn-pluvio;rre150d0;"Niederschlag; Tagessumme 6 UTC - 6 UTC Folgetag";Niederschlag;aggregat;D;1;0..1000.0;Float;mm;236
smn;smn-pluvio;rre150h0;"Niederschlag; Stundensumme";Niederschlag;aggregat;H;1;0..999.9;Float;mm;267
smn;smn-pluvio;rre150m0;"Niederschlag; Monatssumme";Niederschlag;aggregat;M;1;0..9999.9;Float;mm;301
smn;smn-pluvio;rre150y0;"Niederschlag; Jahressumme";Niederschlag;aggregat;Y;1;0..9999.9;Float;mm;501
smn;smn-pluvio;rre150z0;"Niederschlag; Zehnminutensumme";Niederschlag;originalwert;T;1;0..999.9;Float;mm;93
smn;smn-tower;sre000d0;"Sonnenscheindauer; Tagessumme";Sonne;aggregat;D;0;0..1200;Integer;min;221
smn;smn-tower;sre000h0;"Sonnenscheindauer; Stundensumme";Sonne;aggregat;H;0;0..60;Integer;min;274
smn;smn-tower;sre000m0;"Sonnenscheindauer; Monatssumme";Sonne;aggregat;M;0;0..99999;Integer;min;302
smn;smn-tower;sre000y0;"Sonnenscheindauer; Jahressumme";Sonne;aggregat;Y;0;0..999999;Integer;min;469
smn;smn-tower;sre000z0;"Sonnenscheindauer; Zehnminutensumme";Sonne;originalwert;T;0;0..10;Integer;min;94
smn;;tde200h0;"Taupunkt 2 m über Boden;  Stundenmittel";Feuchte;originalwert;H;1;-99.9..99.9;Float;°C;7746
smn;;tde200s0;"Taupunkt 2 m über Boden; Momentanwert";Feuchte;originalwert;T;1;-99.9..99.9;Float;°C;194
smn;;tre005d0;"Lufttemperatur 5 cm über Gras; Tagesmittel";Temperatur;aggregat;D;1;-99.9..99.9;Float;°C;218
smn;;tre005dn;"Lufttemperatur 5 cm über Gras; Tagesminimum";Temperatur;aggregat;D;1;-99.9..99.9;Float;°C;220
smn;;tre005dx;"Lufttemperatur 5 cm über Gras; Tagesmaximum";Temperatur;aggregat;D;1;-99.9..99.9;Float;°C;219
smn;;tre005h0;"Lufttemperatur 5 cm über Gras; Stundenmittel";Temperatur;aggregat;H;1;-99.9..99.9;Float;°C;264
smn;;tre005hn;"Lufttemperatur 5 cm über Gras; Stundenminimum";Temperatur;aggregat;H;1;-99.9..99.9;Float;°C;265
smn;;tre005m0;"Lufttemperatur 5 cm über Gras; Monatsmittel";Temperatur;aggregat;M;1;-99.9..99.9;Float;°C;341
smn;;tre005mn;"Lufttemperatur 5 cm über Gras; absolutes Monatsminimum";Temperatur;aggregat;M;1;-99.9..99.9;Float;°C;343
smn;;tre005mx;"Lufttemperatur 5 cm über Gras; absolutes Monatsmaximum";Temperatur;aggregat;M;1;-99.9..99.9;Float;°C;345
smn;;tre005s0;"Lufttemperatur 5 cm über Gras; Momentanwert";Temperatur;originalwert;T;1;-99.9..99.9;Float;°C;92
smn;;tre005y0;"Lufttemperatur 5 cm über Gras; Jahresmittel";Temperatur;aggregat;Y;1;-99.9..99.9;Float;°C;462
smn;;tre005yn;"Lufttemperatur 5 cm über Gras; absolutes Jahresminimum";Temperatur;aggregat;Y;1;-99.9..99.9;Float;°C;466
smn;;tre005yx;"Lufttemperatur 5 cm über Gras; absolutes Jahresmaximum";Temperatur;aggregat;Y;1;-99.9..99.9;Float;°C;464
smn;;tre200d0;"Lufttemperatur 2 m über Boden; Tagesmittel";Temperatur;aggregat;D;1;-99.9..99.9;Float;°C;211
smn;;tre200dn;"Lufttemperatur 2 m über Boden; Tagesminimum";Temperatur;aggregat;D;1;-99.9..99.9;Float;°C;213
smn;;tre200dx;"Lufttemperatur 2 m über Boden; Tagesmaximum";Temperatur;aggregat;D;1;-99.9..99.9;Float;°C;212
smn;;tre200h0;"Lufttemperatur 2 m über Boden; Stundenmittel";Temperatur;aggregat;H;1;-99.9..99.9;Float;°C;261
smn;;tre200hn;"Lufttemperatur 2 m über Boden; Stundenminimum";Temperatur;aggregat;H;1;-99.9..99.9;Float;°C;262
smn;;tre200hx;"Lufttemperatur 2 m über Boden; Stundenmaximum";Temperatur;aggregat;H;1;-99.9..99.9;Float;°C;263
smn;;tre200m0;"Lufttemperatur 2 m über Boden; Monatsmittel";Temperatur;aggregat;M;1;-99.9..99.9;Float;°C;297
smn;;tre200mn;"Lufttemperatur 2 m über Boden; absolutes Monatsminimum";Temperatur;aggregat;M;1;-99.9..99.9;Float;°C;299
smn;;tre200mx;"Lufttemperatur 2 m über Boden; absolutes Monatsmaximum";Temperatur;aggregat;M;1;-99.9..99.9;Float;°C;298
smn;;tre200s0;"Lufttemperatur 2 m über Boden; Momentanwert";Temperatur;originalwert;T;1;-99.9..99.9;Float;°C;91
smn;;tre200y0;"Lufttemperatur 2 m über Boden; Jahresmittel";Temperatur;aggregat;Y;1;-99.9..99.9;Float;°C;452
smn;;tre200yn;"Lufttemperatur 2 m über Boden; absolutes Jahresminimum";Temperatur;aggregat;Y;1;-99.9..99.9;Float;°C;456
smn;;tre200yx;"Lufttemperatur 2 m über Boden; absolutes Jahresmaximum";Temperatur;aggregat;Y;1;-99.9..99.9;Float;°C;454
smn;;ure200d0;"Relative Luftfeuchtigkeit 2 m über Boden; Tagesmittel";Feuchte;aggregat;D;1;0..999.9;Float;%;225
smn;;ure200h0;"Relative Luftfeuchtigkeit 2 m über Boden; Stundenmittel";Feuchte;aggregat;H;1;0..999.9;Float;%;266
smn;;ure200m0;"Relative Luftfeuchtigkeit 2 m über Boden; Monatsmittel";Feuchte;aggregat;M;1;0..999.9;Float;%;365
smn;;ure200s0;"Relative Luftfeuchtigkeit 2 m über Boden; Momentanwert";Feuchte;originalwert;T;1;0..999.9;Float;%;98
smn;;ure200y0;"Relative Luftfeuchtigkeit 2 m über Boden; Jahresmittel";Feuchte;aggregat;Y;1;0..999.9;Float;%;483
smn;;wcc006d0;Föhnindex, Tageswert;Wind;aggregat;D;0;0..2;Integer;min;5376
smn;;wcc006h0;"Föhnindex; Stundenwert";Wind;aggregat;H;0;0..2;Integer;min;7706
smn;;wcc006s0;Föhnindex;Wind;aggregat;T;0;0..2;Integer;Code;741
smn-soil;;tso005d0;"Bodentemperatur 5 cm Tiefe; Tagesmittel";Bodentemperatur;aggregat;D;1;-99.9..99.9;Float;°C;245
smn-soil;;tso005h0;"Bodentemperatur 5 cm Tiefe; Stundenmittel";Bodentemperatur;aggregat;H;1;-99.9..99.9;Float;°C;4935
smn-soil;;tso005m0;"Bodentemperatur 5 cm Tiefe; Monatsmittel";Bodentemperatur;aggregat;M;1;-99.9..99.9;Float;°C;397
smn-soil;;tso005s0;"Bodentemperatur 5 cm Tiefe; Momentanwert";Bodentemperatur;originalwert;T;1;-99.9..99.9;Float;°C;104
smn-soil;;tso005y0;"Bodentemperatur 5 cm Tiefe; Jahresmittel";Bodentemperatur;aggregat;Y;1;-99.9..99.9;Float;°C;510
smn-soil;;tso010h0;"Bodentemperatur 10 cm Tiefe; bürgerliches Stundenmittel";Bodentemperatur;aggregat;H;1;-99.9..99.9;Float;°C;5368
smn-soil;;tso010s0;"Bodentemperatur 10 cm Tiefe; Momentanwert";Bodentemperatur;originalwert;T;1;-99.9..99.9;Float;°C;105
smn-soil;;tso020h0;"Bodentemperatur 20 cm Tiefe; bürgerliches Stundenmittel";Bodentemperatur;aggregat;H;1;-99.9..99.9;Float;°C;5369
smn-soil;;tso020s0;"Bodentemperatur 20 cm Tiefe; Momentanwert";Bodentemperatur;originalwert;T;1;-99.9..99.9;Float;°C;106
smn-soil;;tso030s0;"Bodentemperatur 30 cm Tiefe; Momentanwert";Bodentemperatur;originalwert;T;1;-99.9..99.9;Float;°C;107
smn-soil;;tso040h0;"Bodentemperatur 40 cm Tiefe; bürgerliches Stundenmittel";Bodentemperatur;aggregat;H;1;-99.9..99.9;Float;°C;5472
smn-soil;;uso005s0;"Bodenfeuchte -5 cm Tiefe N; Mittelwert 10 Minuten";Bodenfeuchte;originalwert;T;2;0..999.99;Float;Vol%;5432
smn-soil;;uso010h0;"Bodenfeuchte 10 cm Tiefe N; Stundenmittel";Bodenfeuchte;aggregat;H;2;0..999.99;Float;Vol%;7705
smn-soil;;uso010s0;"Bodenfeuchte 10 cm Tiefe N; Momentanwert";Bodenfeuchte;originalwert;T;2;0..999.99;Float;Vol%;1536
smn-soil;;uso020h0;"Bodenfeuchte 20 cm Tiefe N; Stundenmittel";Bodenfeuchte;aggregat;H;2;0..999.99;Float;Vol%;5474
smn-soil;;uso020s0;"Bodenfeuchte 20 cm Tiefe N; Momentanwert";Bodenfeuchte;originalwert;T;2;0..999.99;Float;Vol%;3116
smn-soil;;uso040h0;"Bodenfeuchte 40 cm Tiefe N; Bürgerlichte Stunde";Bodenfeuchte;aggregat;H;2;0..999.99;Float;Vol%;5475
smn-soil;;uso040s0;"Bodenfeuchte 40 cm Tiefe N; Momentanwert";Bodenfeuchte;originalwert;T;2;0..999.99;Float;Vol%;3118
smn-tower;;dk1towh0;"Windrichtung; Stundenmittel; Instrument 1";Wind;aggregat;H;0;0..360;Integer;°;776
smn-tower;;dv1towz0;"Windrichtung vektoriell; Zehnminutenmittel; Instrument 1";Wind;originalwert;T;0;0..360;Integer;°;578
smn-tower;;fk1towz0;"Windgeschwindigkeit skalar; Zehnminutenmittel; Instrument 1";Wind;originalwert;T;1;0..99.9;Float;m/s;571
smn-tower;;fn1towd0;"Windweg Nordkomponente ; Tagesmittel; Instrument 1";Wind;aggregat;D;1;-99.9..99.9;Float;m/s;792
smn-tower;;fu3towd0;"Windgeschwindigkeit skalar; Tagesmittel; Instrument 1";Wind;aggregat;D;1;0..999.9;Float;km/h;8004
smn-tower;;fu3towd1;"Böenspitze (Sekundenböe); Tagesmaximum; Instrument 1";Wind;aggregat;D;1;0..999.9;Float;km/h;8005
smn-tower;;fu3towh0;"Windgeschwindigkeit Turm skalar; Stundenmittel";Wind;aggregat;H;1;0..999.9;Float;km/h;5539
smn-tower;;fu3towh1;"Böenspitze (Sekundenböe) Turm; Stundenmaximum";Wind;aggregat;H;1;0..999.9;Float;km/h;5540
smn-tower;;fu3towz0;"Windgeschwindigkeit Turm; Zehnminutenmittel";Wind;aggregat;T;1;0..999.9;Float;km/h;1088
smn-tower;;fu3towz1;"Böenspitze (Sekundenböe) Turm; Maximum";Wind;aggregat;T;1;0..999.9;Float;km/h;1089
smn-tower;;ta1towd0;"Lufttemperatur; Tagesmittel; Instrument 1";Temperatur;aggregat;D;1;-99.9..99.9;Float;°C;779
smn-tower;;ta1towdn;"Lufttemperatur; Tagesminimum; Instrument 1";Temperatur;aggregat;D;1;-99.9..99.9;Float;°C;3206
smn-tower;;ta1towdx;"Lufttemperatur; Tagesmaximum; Instrument 1";Temperatur;aggregat;D;1;-99.9..99.9;Float;°C;3205
smn-tower;;ta1towh0;"Lufttemperatur; Stundenmittel; Instrument 1";Temperatur;aggregat;H;1;-99.9..99.9;Float;°C;772
smn-tower;;ta1towhn;"Lufttemperatur Turm; Stundenminimum";Temperatur;aggregat;H;1;-99.9..99.9;Float;°C;7999
smn-tower;;ta1towhx;"Lufttemperatur Turm; Stundenmaximum";Temperatur;aggregat;H;1;-99.9..99.9;Float;°C;8000
smn-tower;;ta1towm0;"Lufttemperatur; Monatsmittel; Instrument 1";Temperatur;aggregat;M;1;-99.9..99.9;Float;°C;3207
smn-tower;;ta1towmn;"Lufttemperatur; Monatsminimum; Instrument 1";Temperatur;aggregat;M;1;-99.9..99.9;Float;°C;3209
smn-tower;;ta1towmx;"Lufttemperatur; Monatsmaximum; Instrument 1";Temperatur;aggregat;M;1;-99.9..99.9;Float;°C;3208
smn-tower;;ta1tows0;Lufttemperatur Instrument 1;Temperatur;originalwert;T;1;-99.9..99.9;Float;°C;111
smn-tower;;ta1towy0;"Lufttemperatur; Jahresmittel; Instrument 1";Temperatur;aggregat;Y;1;-99.9..99.9;Float;°C;3210
smn-tower;;ta1towyn;"Lufttemperatur; Jahresminimum; Instrument 1";Temperatur;aggregat;Y;1;-99.9..99.9;Float;°C;3212
smn-tower;;ta1towyx;"Lufttemperatur; Jahresmaximum; Instrument 1";Temperatur;aggregat;Y;1;-99.9..99.9;Float;°C;3211
smn-tower;;tdetowh0;"Taupunkt Turm; Stundenmittel";Feuchte;aggregat;H;1;-99.9..99.9;Float;°C;8003
smn-tower;;tdetows0;Taupunkt Turm;Feuchte;originalwert;T;1;-99.9..99.9;Float;°C;569
smn-tower;;uretowd0;"Relative Luftfeuchtigkeit Turm; Tagesmittel";Feuchte;aggregat;D;1;0..999.9;Float;%;8002
smn-tower;;uretowh0;"Relative Luftfeuchtigkeit Turm; Stundenmittel";Feuchte;aggregat;H;1;0..999.9;Float;%;8001
smn-tower;;uretows0;"Relative Luftfeuchtigkeit Turm; Momentanwert";Feuchte;originalwert;T;1;0..999.9;Float;%;764
tot;;rre250c0;"Niederschlag; Jahressumme Hydrologisches Jahr";Niederschlag;originalwert;Y;0;0..9999;Integer;mm;176
